{"time_last_update":1773537356,"weights":{"frec":0.7,"rece":0.3},"init_weights":{"frec":0.7,"rece":0.3},"norms":{"rece":{"beta":0.001,"mean":2.126055658130066,"var":0.7223408850272285},"frec":{"beta":0.001,"mean":226.73563016549792,"var":68250.33385410198}},"score_map":{"nrEO48WaAzx6":{"frec":7.9360116028883,"rece":2.199356248072653,"final":6.215014996443606},"8xTRcf5eMCq0":{"frec":-0.10233826148319847,"rece":-0.15025082579517285,"final":-0.11671203077679076},"3SYTGrBFkLWO":{"frec":-0.10233826148319847,"rece":-0.1531343935962791,"final":-0.11757710111712265},"rjjdpFvsvVAB":{"frec":-0.10233826148319847,"rece":-0.16358079219695817,"final":-0.12071102069732637},"RI1xEVTa3_UU":{"frec":-0.10233826148319847,"rece":-0.1910332289514398,"final":-0.12894675172367087},"OolZkMsBe-a0":{"frec":-0.35497211436344556,"rece":0.9644559571147628,"final":0.040856307080016974}}}