{"time_last_update":1773537056,"weights":{"frec":0.7,"rece":0.3},"init_weights":{"frec":0.7,"rece":0.3},"norms":{"rece":{"beta":0.001,"mean":2.1239211638614925,"var":0.7224285623212462},"frec":{"beta":0.001,"mean":224.86090218289735,"var":64339.187494599624}},"score_map":{"nrEO48WaAzx6":{"frec":8.181057159021664,"rece":2.202137685950567,"final":6.387381317100335},"8xTRcf5eMCq0":{"frec":-0.09801196555791357,"rece":-0.14752853777237893,"final":-0.11286693722225316},"3SYTGrBFkLWO":{"frec":-0.09801196555791357,"rece":-0.1504121781654604,"final":-0.1137320293401776},"rjjdpFvsvVAB":{"frec":-0.09801196555791357,"rece":-0.16085883974754192,"final":-0.11686602781480207},"RI1xEVTa3_UU":{"frec":-0.09801196555791357,"rece":-0.1883119675995584,"final":-0.125101966170407},"OolZkMsBe-a0":{"frec":-0.3582112809018432,"rece":0.9672063071677762,"final":0.03941399551904262}}}