{"time_last_update":1773535555,"weights":{"frec":0.7,"rece":0.3},"init_weights":{"frec":0.7,"rece":0.3},"norms":{"rece":{"beta":0.001,"mean":2.113656029485324,"var":0.7368101677170252},"frec":{"beta":0.001,"mean":211.92447589107158,"var":38154.81714007553}},"score_map":{"nrEO48WaAzx6":{"frec":9.665952888804583,"rece":-0.13601843117561618,"final":6.7253614928105225},"8xTRcf5eMCq0":{"frec":-0.06104704007599549,"rece":-0.13312128219110775,"final":-0.08266931271052916},"3SYTGrBFkLWO":{"frec":-0.06104704007599549,"rece":-0.13597786973523374,"final":-0.08352628897376696},"rjjdpFvsvVAB":{"frec":-0.06104704007599549,"rece":-0.1463265260464271,"final":-0.08663088586712497},"RI1xEVTa3_UU":{"frec":-0.06104704007599549,"rece":-0.1735221026022015,"final":-0.09478955883385728},"OolZkMsBe-a0":{"frec":-0.3989323007634261,"rece":0.9711556868440515,"final":0.012094095518817183}}}