{"time_last_update":1773536455,"weights":{"frec":0.7,"rece":0.3},"init_weights":{"frec":0.7,"rece":0.3},"norms":{"rece":{"beta":0.001,"mean":2.118436144676853,"var":0.7253944164859172},"frec":{"beta":0.001,"mean":219.2688190126174,"var":52827.73942467546}},"score_map":{"nrEO48WaAzx6":{"frec":8.617762575985807,"rece":1.03060775686477,"final":6.341616130249496},"8xTRcf5eMCq0":{"frec":-0.08383475201698044,"rece":-0.14038257056364375,"final":-0.10079909758097944},"3SYTGrBFkLWO":{"frec":-0.08383475201698044,"rece":-0.14326080532645827,"final":-0.10166256800982379},"rjjdpFvsvVAB":{"frec":-0.08383475201698044,"rece":-0.15368788374894318,"final":-0.10479069153656925},"RI1xEVTa3_UU":{"frec":-0.08383475201698044,"rece":-0.18108954836747393,"final":-0.11301119092212848},"OolZkMsBe-a0":{"frec":-0.37098746384107245,"rece":0.9722626086776087,"final":0.031987557914531894}}}