{"time_last_update":1773536155,"weights":{"frec":0.7,"rece":0.3},"init_weights":{"frec":0.7,"rece":0.3},"norms":{"rece":{"beta":0.001,"mean":2.117253047854204,"var":0.7282276654823577},"frec":{"beta":0.001,"mean":217.4492330410813,"var":49202.535889340514}},"score_map":{"nrEO48WaAzx6":{"frec":8.937798793638974,"rece":1.0302889989683615,"final":6.56554585523779},"8xTRcf5eMCq0":{"frec":-0.07866519063404818,"rece":-0.13852158393774355,"final":-0.09662210862515679},"3SYTGrBFkLWO":{"frec":-0.07866519063404818,"rece":-0.14139446099920777,"final":-0.09748397174359605},"rjjdpFvsvVAB":{"frec":-0.07866519063404818,"rece":-0.1518021298958047,"final":-0.10060627241257514},"RI1xEVTa3_UU":{"frec":-0.07866519063404818,"rece":-0.17915278757862008,"final":-0.10881146971741974},"OolZkMsBe-a0":{"frec":-0.3762085021150579,"rece":0.9720524575853603,"final":0.02826978579506756}}}