{"time_last_update":1773535855,"weights":{"frec":0.7,"rece":0.3},"init_weights":{"frec":0.7,"rece":0.3},"norms":{"rece":{"beta":0.001,"mean":2.1148630373222708,"var":0.7339354980481846},"frec":{"beta":0.001,"mean":213.77712764456277,"var":41866.32847611272}},"score_map":{"nrEO48WaAzx6":{"frec":9.707234932148534,"rece":1.0293656873593002,"final":7.103874158711764},"8xTRcf5eMCq0":{"frec":-0.06733273319794718,"rece":-0.13499128829023682,"final":-0.08763029972563408},"3SYTGrBFkLWO":{"frec":-0.06733273319794718,"rece":-0.13785321861121533,"final":-0.08848887882192762},"rjjdpFvsvVAB":{"frec":-0.06733273319794718,"rece":-0.14822123038081533,"final":-0.09159928235280762},"RI1xEVTa3_UU":{"frec":-0.06733273319794718,"rece":-0.17546767178657993,"final":-0.099773214774537},"OolZkMsBe-a0":{"frec":-0.3898934661543811,"rece":0.9713510490691472,"final":0.018479888412677392}}}